date,yield_10y_pct,change_bp
2021-03-19,1.6,
2021-03-22,1.631362359,3.136235917
2021-03-23,1.657025985,2.566362632
2021-03-24,1.631813077,-2.521290812
2021-03-25,1.596082317,-3.573076087
2021-03-26,1.617389145,2.130682826
2021-03-29,1.567385632,-5.00035125
2021-03-30,1.573844117,0.6458485175
2021-03-31,1.614486407,4.064228928
2021-04-01,1.628222912,1.3736505
2021-04-05,1.661070688,3.284777661
2021-04-06,1.633413331,-2.765735757
2021-04-07,1.63607535,0.2662019394
2021-04-08,1.627569918,-0.8505432639
2021-04-09,1.590642121,-3.6927797
2021-04-12,1.582115412,-0.8526708747
2021-04-13,1.618855438,3.67400267
2021-04-14,1.631849002,1.299356375
2021-04-15,1.646866201,1.501719924
2021-04-16,1.649173207,0.2307006032
2021-04-19,1.637332217,-1.184099059
2021-04-20,1.61589748,-2.143473707
2021-04-21,1.580352592,-3.554488817
2021-04-22,1.537319609,-4.303298253
2021-04-23,1.504465179,-3.28544302
2021-04-26,1.477228433,-2.723674624
2021-04-27,1.42918614,-4.804229223
2021-04-28,1.395423206,-3.376293462
2021-04-29,1.41103763,1.561442463
2021-04-30,1.471700839,6.06632084
2021-05-03,1.512013601,4.031276249
2021-05-04,1.557751235,4.573763353
2021-05-05,1.596736478,3.898524265
2021-05-06,1.621689748,2.495327081
2021-05-07,1.613808427,-0.7881321799
2021-05-10,1.586754057,-2.705436928
2021-05-11,1.557558386,-2.919567128
2021-05-12,1.51284522,-4.471316635
2021-05-13,1.535392617,2.254739734
2021-05-14,1.578053691,4.266107357
2021-05-17,1.620705661,4.265197043
2021-05-18,1.636570806,1.586514491
2021-05-19,1.67501942,3.844861399
2021-05-20,1.730628625,5.560920555
2021-05-21,1.738292207,0.7663581408
2021-05-24,1.729168691,-0.9123515535
2021-05-25,1.697321357,-3.184733468
2021-05-26,1.683301164,-1.402019249
2021-05-27,1.641995682,-4.130548221
2021-05-28,1.59120194,-5.079374207
2021-06-01,1.545561929,-4.564001076
2021-06-02,1.53630909,-0.9252838884
2021-06-03,1.525719836,-1.058925439
2021-06-04,1.56894179,4.322195453
2021-06-07,1.572042599,0.310080869
2021-06-08,1.550044568,-2.199803056
2021-06-09,1.558059084,0.8014515513
2021-06-10,1.544762729,-1.329635461
2021-06-11,1.536406191,-0.8356538864
2021-06-14,1.565269778,2.886358757
2021-06-15,1.566239665,0.09698867879
2021-06-16,1.60747757,4.123790513
2021-06-17,1.600215567,-0.7262002647
2021-06-18,1.568006013,-3.220955477
2021-06-21,1.525240946,-4.276506665
2021-06-22,1.541396242,1.615529605
2021-06-23,1.565495498,2.409925617
2021-06-24,1.543492546,-2.200295256
2021-06-25,1.604285555,6.079300899
2021-06-28,1.651868764,4.758320957
2021-06-29,1.702726717,5.085795299
2021-06-30,1.680292391,-2.243432649
2021-07-01,1.639740078,-4.055231293
2021-07-02,1.650677222,1.093714386
2021-07-06,1.635593116,-1.508410587
2021-07-07,1.649842134,1.424901838
2021-07-08,1.674130269,2.428813479
2021-07-09,1.727285915,5.315564608
2021-07-12,1.725951162,-0.1334752629
2021-07-13,1.711125929,-1.482523353
2021-07-14,1.708592769,-0.2533160119
2021-07-15,1.692434419,-1.615835018
2021-07-16,1.725115367,3.268094827
2021-07-19,1.744261748,1.914638083
2021-07-20,1.70902973,-3.523201775
2021-07-21,1.649979442,-5.905028738
2021-07-22,1.617623553,-3.235588927
2021-07-23,1.583681544,-3.394200954
2021-07-26,1.578523494,-0.5158049242
2021-07-27,1.597865774,1.934228
2021-07-28,1.64695955,4.909377524
2021-07-29,1.68043217,3.347262027
2021-07-30,1.64552706,-3.49051103
2021-08-02,1.701629156,5.610209683
2021-08-03,1.712836032,1.12068751
2021-08-04,1.742561561,2.97255293
2021-08-05,1.719691729,-2.286983214
2021-08-06,1.696490442,-2.320128649
2021-08-09,1.730574872,3.408442968
2021-08-10,1.709583031,-2.099184085
2021-08-11,1.712250724,0.2667693377
2021-08-12,1.686810822,-2.543990248
2021-08-13,1.681476583,-0.5334238608
2021-08-16,1.73192829,5.045170693
2021-08-17,1.746257258,1.432896749
2021-08-18,1.779271729,3.301447136
2021-08-19,1.813923153,3.465142387
2021-08-20,1.811763488,-0.2159665095
2021-08-23,1.801415176,-1.034831145
2021-08-24,1.851064687,4.96495101
2021-08-25,1.866610353,1.554566607
2021-08-26,1.845663374,-2.094697873
2021-08-27,1.820146394,-2.551697958
2021-08-30,1.817610451,-0.2535942966
2021-08-31,1.761193174,-5.64172775
2021-09-01,1.7024817,-5.871147411
2021-09-02,1.67690217,-2.557953023
2021-09-03,1.659108371,-1.779379806
2021-09-07,1.660611092,0.1502720418
2021-09-08,1.630857222,-2.975386967
2021-09-09,1.643401284,1.254406222
2021-09-10,1.683239578,3.983829389
2021-09-13,1.6505522,-3.268737797
2021-09-14,1.634782179,-1.577002121
2021-09-15,1.608045562,-2.673661672
2021-09-16,1.562397964,-4.564759857
2021-09-17,1.567490515,0.5092550716
2021-09-20,1.575944787,0.8454272776
2021-09-21,1.568308204,-0.763658377
2021-09-22,1.565773601,-0.2534603059
2021-09-23,1.593380909,2.760730864
2021-09-24,1.619727078,2.634616856
2021-09-27,1.630954489,1.122741148
2021-09-28,1.662490408,3.153591908
2021-09-29,1.700222037,3.773162827
2021-09-30,1.718539307,1.831726998
2021-10-01,1.749304296,3.076498968
2021-10-04,1.740843616,-0.8460680349
2021-10-05,1.718072872,-2.277074424
2021-10-06,1.694976897,-2.309597498
2021-10-07,1.654804032,-4.017286427
2021-10-08,1.632225488,-2.257854413
2021-10-11,1.615171668,-1.705382069
2021-10-12,1.635520516,2.034884853
2021-10-13,1.655538577,2.001806125
2021-10-14,1.687446135,3.190755752
2021-10-15,1.685460258,-0.198587641
2021-10-18,1.684477168,-0.09830907526
2021-10-19,1.706536187,2.205901966
2021-10-20,1.717722333,1.118614609
2021-10-21,1.719781774,0.2059440127
2021-10-22,1.745960615,2.617884154
2021-10-25,1.729086908,-1.687370696
2021-10-26,1.718519224,-1.056768413
2021-10-27,1.733107396,1.458817185
2021-10-28,1.725108438,-0.7998958093
2021-10-29,1.729451996,0.4343558196
2021-11-01,1.723958263,-0.5493733419
2021-11-02,1.668586985,-5.537127737
2021-11-03,1.646038229,-2.254875571
2021-11-04,1.601257092,-4.478113796
2021-11-05,1.586989191,-1.426790089
2021-11-08,1.56992469,-1.706450045
2021-11-09,1.524902132,-4.502255857
2021-11-10,1.51891234,-0.5989792
2021-11-11,1.494488784,-2.44235557
2021-11-12,1.476855519,-1.763326514
2021-11-15,1.44651298,-3.034253862
2021-11-16,1.442840216,-0.3672763784
2021-11-17,1.408396824,-3.444339198
2021-11-18,1.367206577,-4.119024736
2021-11-19,1.378046395,1.08398175
2021-11-22,1.402167813,2.412141809
2021-11-23,1.425890434,2.372262113
2021-11-24,1.437812276,1.192184191
2021-11-26,1.419708274,-1.810400205
2021-11-29,1.418379412,-0.1328861709
2021-11-30,1.420914084,0.2534671829
2021-12-01,1.425589018,0.4674934161
2021-12-02,1.421956689,-0.3632328503
2021-12-03,1.430837923,0.8881233713
2021-12-06,1.429119752,-0.1718170971
2021-12-07,1.41088617,-1.82335824
2021-12-08,1.397283849,-1.36023205
2021-12-09,1.395760066,-0.1523783315
2021-12-10,1.38098247,-1.477759602
2021-12-13,1.388520618,0.7538148244
2021-12-14,1.387485871,-0.1034747614
2021-12-15,1.42065386,3.316798947
2021-12-16,1.355311717,-6.534214322
2021-12-17,1.318108281,-3.720343611
2021-12-20,1.30748728,-1.06210003
2021-12-21,1.354760347,4.727306621
2021-12-22,1.346282253,-0.8478094043
2021-12-23,1.33725002,-0.9032233001
2021-12-27,1.321223188,-1.602683163
2021-12-28,1.302874754,-1.834843374
2021-12-29,1.296805479,-0.6069275195
2021-12-30,1.275290776,-2.151470331
2021-12-31,1.25912468,-1.616609565
2022-01-03,1.247838748,-1.1285932
2022-01-04,1.272083973,2.424522453
2022-01-05,1.298373608,2.628963537
2022-01-06,1.325868455,2.749484701
2022-01-07,1.380619635,5.475117987
2022-01-10,1.442728744,6.210910924
2022-01-11,1.465696771,2.296802708
2022-01-12,1.493182186,2.748541453
2022-01-13,1.545022781,5.184059578
2022-01-14,1.540965368,-0.4057413468
2022-01-18,1.569822032,2.885666369
2022-01-19,1.549612029,-2.021000216
2022-01-20,1.617420425,6.780839574
2022-01-21,1.61105486,-0.6365564872
2022-01-24,1.607001143,-0.405371774
2022-01-25,1.580218075,-2.678306752
2022-01-26,1.572274328,-0.7943747547
2022-01-27,1.536181867,-3.609246019
2022-01-28,1.531427373,-0.4754494384
2022-01-31,1.517997913,-1.342946004
2022-02-01,1.574602838,5.66049252
2022-02-02,1.555897724,-1.870511443
2022-02-03,1.559525288,0.362756425
2022-02-04,1.533605539,-2.591974854
2022-02-07,1.498390792,-3.521474739
2022-02-08,1.498692903,0.03021107293
2022-02-09,1.475865564,-2.282733865
2022-02-10,1.45830734,-1.755822369
2022-02-11,1.486058814,2.775147355
2022-02-14,1.519471621,3.341280686
2022-02-15,1.492354849,-2.711677143
2022-02-16,1.507722205,1.536735577
2022-02-17,1.484684564,-2.303764083
2022-02-18,1.488906956,0.4222391601
2022-02-22,1.468848307,-2.005864895
2022-02-23,1.470490454,0.1642147104
2022-02-24,1.492531873,2.204141904
2022-02-25,1.522730457,3.019858429
2022-02-28,1.55508047,3.235001249
2022-03-01,1.58079053,2.571006035
2022-03-02,1.541431145,-3.935938567
2022-03-03,1.510995951,-3.043519379
2022-03-04,1.518050335,0.7054384589
2022-03-07,1.533850859,1.580052384
2022-03-08,1.583299756,4.944889679
2022-03-09,1.625985357,4.268560092
2022-03-10,1.602846657,-2.313869961
2022-03-11,1.558900641,-4.394601599
2022-03-14,1.491309595,-6.759104624
2022-03-15,1.482160756,-0.9148838913
2022-03-16,1.499081039,1.692028254
2022-03-17,1.461422792,-3.765824698
2022-03-18,1.434601021,-2.68217703
2022-03-21,1.45255388,1.795285897
2022-03-22,1.447751639,-0.4802241557
2022-03-23,1.421178531,-2.657310745
2022-03-24,1.385761471,-3.541706077
2022-03-25,1.405204336,1.944286505
2022-03-28,1.412968002,0.7763666433
2022-03-29,1.444214082,3.124608014
2022-03-30,1.417973459,-2.624062332
2022-03-31,1.448795442,3.082198324
2022-04-01,1.471623538,2.28280955
2022-04-04,1.543163065,7.153952713
2022-04-05,1.571488803,2.83257382
2022-04-06,1.578897465,0.7408662247
2022-04-07,1.556902057,-2.199540867
2022-04-08,1.492928609,-6.3973448
2022-04-11,1.506421613,1.349300487
2022-04-12,1.49048751,-1.593410339
2022-04-13,1.466197132,-2.429037773
2022-04-14,1.395943345,-7.025378712
2022-04-18,1.380495277,-1.544806809
2022-04-19,1.361549709,-1.894556764
2022-04-20,1.379274685,1.772497579
2022-04-21,1.394903897,1.56292121
2022-04-22,1.42798524,3.30813429
2022-04-25,1.450157033,2.217179287
2022-04-26,1.490889443,4.073241033
2022-04-27,1.556415067,6.552562348
2022-04-28,1.565193263,0.8778196423
2022-04-29,1.562701389,-0.2491874415
2022-05-02,1.558476181,-0.4225207523
2022-05-03,1.561199807,0.2723625871
2022-05-04,1.552933849,-0.8265958511
2022-05-05,1.584543207,3.160935827
2022-05-06,1.589117019,0.4573811862
2022-05-09,1.616054416,2.693739743
2022-05-10,1.662198825,4.614440911
2022-05-11,1.656485439,-0.5713386577
2022-05-12,1.644501193,-1.19842459
2022-05-13,1.688636405,4.413521239
2022-05-16,1.72552533,3.688892493
2022-05-17,1.757761528,3.22361972
2022-05-18,1.802936507,4.51749791
2022-05-19,1.776938229,-2.599827746
2022-05-20,1.789904197,1.296596756
2022-05-23,1.783276436,-0.6627761154
2022-05-24,1.729571403,-5.370503236
2022-05-25,1.681656693,-4.791471021
2022-05-26,1.6449933,-3.666339285
2022-05-27,1.595282422,-4.971087825
2022-05-31,1.590668285,-0.4614137279
2022-06-01,1.636231635,4.556335047
2022-06-02,1.615457527,-2.077410784
2022-06-03,1.608545635,-0.691189198
2022-06-06,1.608932192,0.03865566026
2022-06-07,1.635456369,2.652417699
2022-06-08,1.64124886,0.5792491072
2022-06-09,1.646047782,0.4798921841
2022-06-10,1.645490728,-0.05570539732
2022-06-13,1.631265938,-1.422478944
2022-06-14,1.607699679,-2.356625964
2022-06-15,1.587270136,-2.042954296
2022-06-16,1.601999951,1.472981504
2022-06-17,1.591316657,-1.068329399
2022-06-21,1.595922764,0.4606106896
2022-06-22,1.613343768,1.742100474
2022-06-23,1.617706509,0.4362740652
2022-06-24,1.601540466,-1.616604265
2022-06-27,1.618390564,1.685009798
2022-06-28,1.629004109,1.06135447
2022-06-29,1.63574255,0.6738440645
2022-06-30,1.649756485,1.401393503
2022-07-01,1.662844203,1.308771775
2022-07-05,1.700634205,3.779000239
2022-07-06,1.682699845,-1.793436003
2022-07-07,1.664117211,-1.858263372
2022-07-08,1.680326554,1.620934306
2022-07-11,1.706674574,2.634801953
2022-07-12,1.712412405,0.5737831313
2022-07-13,1.726402247,1.398984183
2022-07-14,1.743761279,1.735903231
2022-07-15,1.782349928,3.858864834
2022-07-18,1.768286991,-1.406293657
2022-07-19,1.697035696,-7.125129511
2022-07-20,1.684648396,-1.238729999
2022-07-21,1.68302468,-0.1623716252
2022-07-22,1.731619153,4.859447361
2022-07-25,1.710683606,-2.093554699
2022-07-26,1.734741862,2.405825551
2022-07-27,1.741607607,0.6865745384
2022-07-28,1.726274692,-1.533291549
2022-07-29,1.669990182,-5.628450972
2022-08-01,1.616182029,-5.380815332
2022-08-02,1.601458333,-1.472369565
2022-08-03,1.569233841,-3.222449247
2022-08-04,1.577202495,0.7968654895
2022-08-05,1.58801394,1.081144491
2022-08-08,1.605781684,1.776774373
2022-08-09,1.608536047,0.2754362562
2022-08-10,1.661197238,5.266119089
2022-08-11,1.642636251,-1.856098697
2022-08-12,1.644947421,0.2311170538
2022-08-15,1.6157595,-2.91879214
2022-08-16,1.604519393,-1.124010708
2022-08-17,1.594986185,-0.9533207646
2022-08-18,1.621332472,2.634628721
2022-08-19,1.64431645,2.298397784
2022-08-22,1.651214537,0.6898086562
2022-08-23,1.633886457,-1.732807929
2022-08-24,1.606419457,-2.746700032
2022-08-25,1.650426352,4.400689457
2022-08-26,1.667993036,1.75666843
2022-08-29,1.693261011,2.526797537
2022-08-30,1.710519299,1.725828749
2022-08-31,1.737188727,2.666942798
2022-09-01,1.725212487,-1.197623954
2022-09-02,1.684324094,-4.088839341
2022-09-06,1.684835165,0.05110710884
2022-09-07,1.665815636,-1.90195289
2022-09-08,1.660618314,-0.5197322102
2022-09-09,1.650986182,-0.9632131786
2022-09-12,1.666077917,1.509173465
2022-09-13,1.630803052,-3.527486506
2022-09-14,1.649826977,1.902392509
2022-09-15,1.646785902,-0.304107476
2022-09-16,1.704528679,5.77427774
2022-09-19,1.770217528,6.568884895
2022-09-20,1.771597041,0.1379512317
2022-09-21,1.802663035,3.106599416
2022-09-22,1.783567327,-1.909570816
2022-09-23,1.746090602,-3.747672417
2022-09-26,1.781237236,3.514663358
2022-09-27,1.789579865,0.8342628778
2022-09-28,1.767544734,-2.203513086
2022-09-29,1.775033379,0.748864499
2022-09-30,1.811813538,3.678015924
2022-10-03,1.766971783,-4.484175542
2022-10-04,1.741363782,-2.560800088
2022-10-05,1.739796425,-0.1567357243
2022-10-06,1.713331454,-2.646497018
2022-10-07,1.752793709,3.946225408
2022-10-10,1.740207006,-1.258670239
2022-10-11,1.762759877,2.255287078
2022-10-12,1.767587611,0.4827734343
2022-10-13,1.756710412,-1.087719941
2022-10-14,1.751177543,-0.5532869014
2022-10-17,1.751519128,0.03415853152
2022-10-18,1.734249466,-1.726966236
2022-10-19,1.746612621,1.236315533
2022-10-20,1.741340895,-0.5271726178
2022-10-21,1.762827709,2.148681438
2022-10-24,1.751846797,-1.098091206
2022-10-25,1.764681267,1.283446983
2022-10-26,1.846765074,8.208380665
2022-10-27,1.882360369,3.559529565
2022-10-28,1.914855963,3.24955932
2022-10-31,1.868490892,-4.636507089
2022-11-01,1.872024075,0.3533182882
2022-11-02,1.863874923,-0.8149151603
2022-11-03,1.83094486,-3.293006312
2022-11-04,1.804891118,-2.605374193
2022-11-07,1.820023745,1.513262665
2022-11-08,1.799094277,-2.092946772
2022-11-09,1.773966099,-2.512817828
2022-11-10,1.773205297,-0.07608016967
2022-11-11,1.820196003,4.699070577
2022-11-14,1.862071184,4.187518109
2022-11-15,1.892613275,3.054209129
2022-11-16,1.90998368,1.737040543
2022-11-17,1.940131666,3.014798568
2022-11-18,1.99169011,5.155844395
2022-11-21,2.057493399,6.580328899
2022-11-22,2.085790116,2.829671711
2022-11-23,2.1035027,1.771258414
2022-11-25,2.140758276,3.725557537
2022-11-28,2.166826785,2.606850933
2022-11-29,2.177943468,1.111668278
2022-11-30,2.215513254,3.756978627
2022-12-01,2.261128978,4.561572412
2022-12-02,2.295626825,3.449784725
2022-12-05,2.331613894,3.598706841
2022-12-06,2.347975816,1.636192174
2022-12-07,2.375623207,2.76473911
2022-12-08,2.442107078,6.648387095
2022-12-09,2.509097314,6.699023654
2022-12-12,2.541388887,3.229157311
2022-12-13,2.534940266,-0.6448621327
2022-12-14,2.582496304,4.755603798
2022-12-15,2.674985556,9.248925238
2022-12-16,2.714148243,3.916268693
2022-12-19,2.707790895,-0.6357348434
2022-12-20,2.753713366,4.592247117
2022-12-21,2.812431989,5.871862286
2022-12-22,2.811388409,-0.1043579526
2022-12-23,2.850161671,3.877326151
2022-12-27,2.869041012,1.887934091
2022-12-28,2.869189292,0.01482798261
2022-12-29,2.86735813,-0.1831161729
2022-12-30,2.896356294,2.899816383
2023-01-03,2.893656324,-0.2699969257
2023-01-04,2.910020768,1.636444352
2023-01-05,2.962865395,5.284462716
2023-01-06,3.002852974,3.998757921
2023-01-09,3.052579739,4.972676495
2023-01-10,3.081860116,2.928037722
2023-01-11,3.111747605,2.988748812
2023-01-12,3.125365573,1.361796868
2023-01-13,3.141749961,1.638438725
2023-01-17,3.145439778,0.3689817132
2023-01-18,3.167287294,2.184751637
2023-01-19,3.152486234,-1.480105986
2023-01-20,3.168969503,1.648326871
2023-01-23,3.215193395,4.622389187
2023-01-24,3.271909408,5.671601312
2023-01-25,3.314126988,4.22175799
2023-01-26,3.345718602,3.159161408
2023-01-27,3.34056082,-0.5157781593
2023-01-30,3.326302645,-1.425817575
2023-01-31,3.319202074,-0.7100570306
2023-02-01,3.315246797,-0.395527765
2023-02-02,3.319271065,0.4024268671
2023-02-03,3.336431265,1.716019962
2023-02-06,3.301389185,-3.504207993
2023-02-07,3.314512379,1.31231938
2023-02-08,3.299733269,-1.47791098
2023-02-09,3.271732082,-2.80011866
2023-02-10,3.289678004,1.794592128
2023-02-13,3.258095926,-3.158207762
2023-02-14,3.263555828,0.5459902522
2023-02-15,3.261473775,-0.2082053525
2023-02-16,3.244127667,-1.734610749
2023-02-17,3.202696923,-4.143074487
2023-02-21,3.187681234,-1.501568893
2023-02-22,3.183040018,-0.4641215227
2023-02-23,3.168792254,-1.424776451
2023-02-24,3.14299983,-2.579242445
2023-02-27,3.103155106,-3.984472342
2023-02-28,3.094835992,-0.8319114486
2023-03-01,3.097416643,0.2580651045
2023-03-02,3.077380297,-2.003634613
2023-03-03,3.086085448,0.8705151023
2023-03-06,3.121837823,3.57523755
2023-03-07,3.127400286,0.5562463197
2023-03-08,3.100865828,-2.653445792
2023-03-09,3.127442026,2.657619812
2023-03-10,3.115748904,-1.169312238
2023-03-13,3.128268199,1.251929494
2023-03-14,3.137795861,0.9527662437
2023-03-15,3.164563923,2.676806142
2023-03-16,3.157074473,-0.7489449584
2023-03-17,3.177448496,2.037402317
2023-03-20,3.226295251,4.884675487
2023-03-21,3.236990957,1.069570594
2023-03-22,3.278352885,4.136192797
2023-03-23,3.311108544,3.275565912
2023-03-24,3.281104929,-3.000361564
2023-03-27,3.289701567,0.8596637866
2023-03-28,3.258866484,-3.083508229
2023-03-29,3.259835587,0.09691024938
2023-03-30,3.231575884,-2.825970313
2023-03-31,3.224746125,-0.6829758601
2023-04-03,3.231491646,0.6745521079
2023-04-04,3.238720394,0.722874826
2023-04-05,3.20103091,-3.768948444
2023-04-06,3.180543217,-2.048769282
2023-04-10,3.192469943,1.192672611
2023-04-11,3.173279997,-1.918994617
2023-04-12,3.171504295,-0.177570182
2023-04-13,3.156015547,-1.548874778
2023-04-14,3.146864338,-0.9151209399
2023-04-17,3.180400867,3.353652865
2023-04-18,3.164163357,-1.62375099
2023-04-19,3.162512803,-0.1650553534
2023-04-20,3.194904158,3.239135432
2023-04-21,3.21165707,1.675291225
2023-04-24,3.249922859,3.826578948
2023-04-25,3.279488977,2.956611786
2023-04-26,3.313284718,3.379574095
2023-04-27,3.32781825,1.453353143
2023-04-28,3.351916771,2.409852154
2023-05-01,3.369658233,1.774146199
2023-05-02,3.399968651,3.031041758
2023-05-03,3.390471241,-0.9497409508
2023-05-04,3.38201281,-0.8458431272
2023-05-05,3.383340286,0.1327476509
2023-05-08,3.393990753,1.065046653
2023-05-09,3.406268214,1.22774607
2023-05-10,3.452431834,4.616362077
2023-05-11,3.511181107,5.874927279
2023-05-12,3.522635202,1.145409432
2023-05-15,3.539171718,1.653651612
2023-05-16,3.547430285,0.8258567609
2023-05-17,3.548652637,0.1222351995
2023-05-18,3.526068371,-2.258426649
2023-05-19,3.521540378,-0.4527992721
2023-05-22,3.491348481,-3.019189693
2023-05-23,3.469746847,-2.160163422
2023-05-24,3.469366435,-0.03804121458
2023-05-25,3.436579067,-3.27873673
2023-05-26,3.453712195,1.713312724
2023-05-30,3.425379308,-2.833288637
2023-05-31,3.430382289,0.5002980862
2023-06-01,3.488428953,5.804666434
2023-06-02,3.500223447,1.179449396
2023-06-05,3.50874858,0.8525132502
2023-06-06,3.535335851,2.658727076
2023-06-07,3.556306044,2.097019335
2023-06-08,3.541578215,-1.472782875
2023-06-09,3.558556835,1.697862013
2023-06-12,3.561595396,0.3038560744
2023-06-13,3.54522879,-1.636660588
2023-06-14,3.531442164,-1.378662589
2023-06-15,3.535375632,0.3933467324
2023-06-16,3.494028058,-4.134757373
2023-06-20,3.51036367,1.633561235
2023-06-21,3.524202039,1.383836877
2023-06-22,3.541317728,1.711568852
2023-06-23,3.56308752,2.176979221
2023-06-26,3.59752748,3.443995964
2023-06-27,3.58705313,-1.047434937
2023-06-28,3.592962155,0.5909025301
2023-06-29,3.633844139,4.08819838
2023-06-30,3.650773889,1.692974989
2023-07-03,3.675730286,2.495639705
2023-07-05,3.660913042,-1.48172443
2023-07-06,3.678905138,1.799209565
2023-07-07,3.658752031,-2.01531066
2023-07-10,3.654829671,-0.3922360413
2023-07-11,3.664734914,0.9905243194
2023-07-12,3.668584944,0.3850030098
2023-07-13,3.685637999,1.705305542
2023-07-14,3.71376275,2.81247506
2023-07-17,3.766587444,5.282469372
2023-07-18,3.740162408,-2.642503543
2023-07-19,3.733415646,-0.6746761879
2023-07-20,3.744753894,1.133824738
2023-07-21,3.755622317,1.086842294
2023-07-24,3.77425456,1.863224351
2023-07-25,3.773356606,-0.08979539354
2023-07-26,3.728984574,-4.437203179
2023-07-27,3.757618035,2.86334606
2023-07-28,3.764141986,0.6523950856
2023-07-31,3.745597746,-1.854424029
2023-08-01,3.754246817,0.8649071881
2023-08-02,3.776372473,2.212565561
2023-08-03,3.798642315,2.226984155
2023-08-04,3.825633199,2.699088446
2023-08-07,3.798267676,-2.736552322
2023-08-08,3.792312708,-0.5954967689
2023-08-09,3.764108041,-2.820466736
2023-08-10,3.772066418,0.7958377689
2023-08-11,3.767578436,-0.4487982197
2023-08-14,3.764162433,-0.3416002987
2023-08-15,3.822798471,5.863603804
2023-08-16,3.823474868,0.06763964839
2023-08-17,3.823637215,0.01623473051
2023-08-18,3.842857822,1.922060666
2023-08-21,3.860340005,1.74821832
2023-08-22,3.878595274,1.825526936
2023-08-23,3.919010007,4.041473298
2023-08-24,3.952095617,3.308560929
2023-08-25,3.982850312,3.075469538
2023-08-28,4.016170402,3.332009029
2023-08-29,4.042857604,2.668720156
2023-08-30,4.027727517,-1.513008643
2023-08-31,4.017413583,-1.031393416
2023-09-01,4.011938962,-0.5474620743
2023-09-05,4.023244768,1.130580529
2023-09-06,4.052644575,2.939980722
2023-09-07,4.071768994,1.912441918
2023-09-08,4.045694546,-2.607444813
2023-09-11,4.029919078,-1.577546766
2023-09-12,4.043367171,1.344809311
2023-09-13,4.060528488,1.716131645
2023-09-14,4.055563984,-0.496450413
2023-09-15,4.009907589,-4.565639507
2023-09-18,4.005160448,-0.4747140404
2023-09-19,4.031740602,2.658015331
2023-09-20,4.041587345,0.9846743784
2023-09-21,4.076963672,3.537632633
2023-09-22,4.068911466,-0.8052205811
2023-09-25,4.073343374,0.4431907744
2023-09-26,4.080497961,0.7154586888
2023-09-27,4.13702008,5.652211943
2023-09-28,4.128521258,-0.8498821686
2023-09-29,4.132591058,0.4069799576
2023-10-02,4.149171361,1.658030273
2023-10-03,4.133340825,-1.583053608
2023-10-04,4.143928722,1.058789762
2023-10-05,4.131039024,-1.288969768
2023-10-06,4.125427826,-0.5611198513
2023-10-09,4.1179723,-0.7455526006
2023-10-10,4.094085446,-2.388685419
2023-10-11,4.046901917,-4.71835291
2023-10-12,4.034900488,-1.20014282
2023-10-13,4.060885239,2.598475034
2023-10-16,4.063403231,0.2517991757
2023-10-17,4.030795839,-3.260739156
2023-10-18,4.036532504,0.5736665183
2023-10-19,4.007479523,-2.905298109
2023-10-20,4.029405247,2.192572356
2023-10-23,4.039028917,0.9623670119
2023-10-24,4.051522697,1.249378041
2023-10-25,4.020529199,-3.0993498
2023-10-26,3.983083808,-3.744539127
2023-10-27,3.951364659,-3.171914881
2023-10-30,3.95186806,0.05034008931
2023-10-31,3.918201785,-3.366627544
2023-11-01,3.877412749,-4.078903587
2023-11-02,3.841996746,-3.541600254
2023-11-03,3.827196283,-1.480046276
2023-11-06,3.79249843,-3.469785386
2023-11-07,3.766410917,-2.608751255
2023-11-08,3.800912108,3.450119149
2023-11-09,3.834529049,3.361694089
2023-11-10,3.866955002,3.242595288
2023-11-13,3.850184277,-1.67707256
2023-11-14,3.808637387,-4.154688929
2023-11-15,3.740299528,-6.833785927
2023-11-16,3.779230093,3.893056525
2023-11-17,3.80394498,2.471488691
2023-11-20,3.794862691,-0.9082289106
2023-11-21,3.805971825,1.110913347
2023-11-22,3.773503601,-3.246822374
2023-11-24,3.770098055,-0.3405545951
2023-11-27,3.773109234,0.3011178845
2023-11-28,3.806749892,3.364065871
2023-11-29,3.799330372,-0.7419520825
2023-11-30,3.79935213,0.002175861852
2023-12-01,3.786279701,-1.307242955
2023-12-04,3.784591888,-0.1687812354
2023-12-05,3.770766405,-1.382548289
2023-12-06,3.750618153,-2.014825276
2023-12-07,3.758132827,0.7514674058
2023-12-08,3.790234534,3.210170759
2023-12-11,3.810383742,2.014920762
2023-12-12,3.820891723,1.05079806
2023-12-13,3.847894163,2.700244073
2023-12-14,3.876944944,2.90507811
2023-12-15,3.895007557,1.80626124
2023-12-18,3.95283637,5.782881368
2023-12-19,3.956355763,0.3519392627
2023-12-20,3.934679851,-2.167591215
2023-12-21,3.885743215,-4.893663607
2023-12-22,3.880428621,-0.5314593383
2023-12-26,3.852791187,-2.763743465
2023-12-27,3.865628322,1.283713554
2023-12-28,3.88552154,1.989321749
2023-12-29,3.896076007,1.055446715
2024-01-02,3.915974132,1.989812451
2024-01-03,3.942664111,2.668997932
2024-01-04,3.943274725,0.06106143894
2024-01-05,3.962446099,1.917137378
2024-01-08,3.94783172,-1.461437925
2024-01-09,4.008703842,6.087212223
2024-01-10,4.052432019,4.372817728
2024-01-11,4.071833048,1.94010286
2024-01-12,4.074467294,0.2634246243
2024-01-16,4.100637653,2.617035925
2024-01-17,4.036345289,-6.429236477
2024-01-18,4.035962222,-0.03830668448
2024-01-19,4.080195036,4.423281453
2024-01-22,4.113030342,3.283530621
2024-01-23,4.125239622,1.220927904
2024-01-24,4.115938648,-0.9300973503
2024-01-25,4.110294128,-0.564451976
2024-01-26,4.125326928,1.503279945
2024-01-29,4.174991032,4.966410386
2024-01-30,4.163108787,-1.188224443
2024-01-31,4.119412314,-4.369647353
2024-02-01,4.073623691,-4.578862281
2024-02-02,4.062398751,-1.122493947
2024-02-05,4.034501126,-2.789762557
2024-02-06,4.002366509,-3.213461686
2024-02-07,3.945952395,-5.641411438
2024-02-08,3.901192393,-4.476000117
2024-02-09,3.900197964,-0.0994429753
2024-02-12,3.874967668,-2.523029513
2024-02-13,3.82051598,-5.445168873
2024-02-14,3.819391011,-0.1124968609
2024-02-15,3.797960456,-2.143055523
2024-02-16,3.802442382,0.4481926206
2024-02-20,3.828104262,2.566187989
2024-02-21,3.850257938,2.215367621
2024-02-22,3.877171161,2.69132228
2024-02-23,3.888523889,1.135272828
2024-02-26,3.845526985,-4.299690455
2024-02-27,3.810349858,-3.517712656
2024-02-28,3.765458675,-4.489118348
2024-02-29,3.748534962,-1.69237122
2024-03-01,3.711993943,-3.654101938
2024-03-04,3.692340598,-1.965334512
2024-03-05,3.706753969,1.441337066
2024-03-06,3.737818742,3.106477295
2024-03-07,3.730041667,-0.7777074977
2024-03-08,3.709265775,-2.077589124
2024-03-11,3.719331909,1.006613393
2024-03-12,3.758763322,3.943141274
2024-03-13,3.759517424,0.07541016686
2024-03-14,3.763158465,0.3641041366
2024-03-15,3.781354446,1.819598082
2024-03-18,3.809186386,2.78319399
2024-03-19,3.7589874,-5.019898549
2024-03-20,3.754956567,-0.4030832926
2024-03-21,3.727182598,-2.777396951
2024-03-22,3.70623238,-2.095021818
2024-03-25,3.70601848,-0.02138993275
2024-03-26,3.725669521,1.965104029
2024-03-27,3.770441624,4.477210326
2024-03-28,3.817413545,4.697192093
2024-04-01,3.849283455,3.18699102
2024-04-02,3.856673009,0.7389553829
2024-04-03,3.874863206,1.819019735
2024-04-04,3.890094243,1.523103638
2024-04-05,3.890504445,0.04102020084
2024-04-08,3.899561509,0.9057064508
2024-04-09,3.899875339,0.03138296656
2024-04-10,3.877563324,-2.23120148
2024-04-11,3.832199283,-4.536404091
2024-04-12,3.782785262,-4.941402062
2024-04-15,3.751883598,-3.090166465
2024-04-16,3.728045605,-2.383799301
2024-04-17,3.740184242,1.21386368
2024-04-18,3.725513028,-1.467121373
2024-04-19,3.770935567,4.542253941
2024-04-22,3.775465864,0.4530297206
2024-04-23,3.777336568,0.1870703021
2024-04-24,3.757096174,-2.024039314
2024-04-25,3.752136723,-0.4959451797
2024-04-26,3.766065776,1.392905339
2024-04-29,3.762838707,-0.3227068958
2024-04-30,3.756870668,-0.5968038918
2024-05-01,3.775220197,1.834952919
2024-05-02,3.768534914,-0.6685283057
2024-05-03,3.72323863,-4.529628421
2024-05-06,3.680830583,-4.240804687
2024-05-07,3.650878605,-2.995197836
2024-05-08,3.650385504,-0.04931007712
2024-05-09,3.665878727,1.549322277
2024-05-10,3.656973744,-0.8904983077
2024-05-13,3.616178395,-4.07953488
2024-05-14,3.593417671,-2.276072382
2024-05-15,3.578146247,-1.527142361
2024-05-16,3.579965658,0.1819410058
2024-05-17,3.562919727,-1.704593017
2024-05-20,3.587669075,2.474934734
2024-05-21,3.58098787,-0.6681204218
2024-05-22,3.596463078,1.547520708
2024-05-23,3.628925597,3.24625197
2024-05-24,3.655035723,2.611012615
2024-05-28,3.659388895,0.4353171924
2024-05-29,3.713884302,5.449540711
2024-05-30,3.729345498,1.546119575
2024-05-31,3.732120421,0.2774923041
2024-06-03,3.76540628,3.328585905
2024-06-04,3.759000745,-0.6405534805
2024-06-05,3.77151766,1.251691502
2024-06-06,3.771425584,-0.009207628957
2024-06-07,3.757594709,-1.383087567
2024-06-10,3.800840122,4.324541391
2024-06-11,3.7663437,-3.449642236
2024-06-12,3.761707279,-0.4636421481
2024-06-13,3.745915279,-1.579199928
2024-06-14,3.757451966,1.153668696
2024-06-17,3.759246651,0.1794684392
2024-06-18,3.76289133,0.3644679518
2024-06-20,3.744048901,-1.884242958
2024-06-21,3.761105926,1.705702535
2024-06-24,3.76979438,0.8688454175
2024-06-25,3.81441994,4.462556008
2024-06-26,3.845637854,3.121791403
2024-06-27,3.867132331,2.149447656
2024-06-28,3.853868041,-1.326428989
2024-07-01,3.86770621,1.383816883
2024-07-02,3.868350893,0.06446833255
2024-07-03,3.870493076,0.2142182763
2024-07-05,3.830819144,-3.967393227
2024-07-08,3.812965703,-1.785344051
2024-07-09,3.803578392,-0.9387311409
2024-07-10,3.791384147,-1.219424422
2024-07-11,3.782597839,-0.8786308451
2024-07-12,3.77658203,-0.6015809308
2024-07-15,3.809963147,3.338111726
2024-07-16,3.854380508,4.441736149
2024-07-17,3.878458151,2.407764289
2024-07-18,3.868624062,-0.9834089197
2024-07-19,3.844940763,-2.368329945
2024-07-22,3.869134464,2.419370183
2024-07-23,3.861479321,-0.7655143401
2024-07-24,3.815095605,-4.63837158
2024-07-25,3.789692468,-2.540313738
2024-07-26,3.809686406,1.999393847
2024-07-29,3.813590737,0.3904330349
2024-07-30,3.817544455,0.3953718394
2024-07-31,3.780694756,-3.684969891
2024-08-01,3.723379437,-5.731531912
2024-08-02,3.700900155,-2.247928179
2024-08-05,3.701953121,0.1052965248
2024-08-06,3.682018484,-1.993463606
2024-08-07,3.701157688,1.913920322
2024-08-08,3.710423403,0.9265715026
2024-08-09,3.699518386,-1.090501708
2024-08-12,3.726739803,2.722141731
2024-08-13,3.738776573,1.203677026
2024-08-14,3.773293619,3.451704593
2024-08-15,3.806667195,3.337357586
2024-08-16,3.833643479,2.697628385
2024-08-19,3.856069714,2.24262353
2024-08-20,3.864290675,0.8220960701
2024-08-21,3.808154131,-5.61365437
2024-08-22,3.744784093,-6.337003811
2024-08-23,3.73071763,-1.406646304
2024-08-26,3.651538029,-7.917960078
2024-08-27,3.619088318,-3.244971137
2024-08-28,3.586332918,-3.275540003
2024-08-29,3.550501966,-3.583095167
2024-08-30,3.513178237,-3.732372953
2024-09-03,3.486447757,-2.673047936
2024-09-04,3.544069526,5.762176892
2024-09-05,3.555963924,1.189439753
2024-09-06,3.536179943,-1.97839809
2024-09-09,3.48772044,-4.845950324
2024-09-10,3.445569366,-4.215107312
2024-09-11,3.404282073,-4.128729316
2024-09-12,3.387633087,-1.66489864
2024-09-13,3.366332249,-2.130083749
2024-09-16,3.345434855,-2.089739389
2024-09-17,3.361613772,1.61789161
2024-09-18,3.418175886,5.656211456
2024-09-19,3.414620946,-0.3554939931
2024-09-20,3.400141846,-1.447910028
2024-09-23,3.398205,-0.1936846062
2024-09-24,3.349185476,-4.901952392
2024-09-25,3.313018601,-3.616687455
2024-09-26,3.312919158,-0.009944300887
2024-09-27,3.279593864,-3.332529428
2024-09-30,3.275377918,-0.4215946184
2024-10-01,3.264041466,-1.133645166
2024-10-02,3.285551638,2.151017182
2024-10-03,3.273563539,-1.198809916
2024-10-04,3.252354826,-2.120871315
2024-10-07,3.238014963,-1.433986263
2024-10-08,3.239056208,0.1041245148
2024-10-09,3.184129023,-5.492718562
2024-10-10,3.181838711,-0.2290311489
2024-10-11,3.147984255,-3.385445643
2024-10-14,3.176829968,2.884571333
2024-10-15,3.188690769,1.186080125
2024-10-16,3.19795188,0.926111035
2024-10-17,3.180215812,-1.773606747
2024-10-18,3.153286208,-2.692960433
2024-10-21,3.182560166,2.927395779
2024-10-22,3.196650959,1.409079335
2024-10-23,3.19601972,-0.06312394392
2024-10-24,3.206568911,1.05491912
2024-10-25,3.196602682,-0.9966228533
2024-10-28,3.165391457,-3.121122478
2024-10-29,3.158064261,-0.7327196383
2024-10-30,3.202777407,4.47131462
2024-10-31,3.199295571,-0.3481835917
2024-11-01,3.216114789,1.681921752
2024-11-04,3.246988855,3.087406601
2024-11-05,3.206620655,-4.036820023
2024-11-06,3.167892043,-3.872861116
2024-11-07,3.161232978,-0.6659065792
2024-11-08,3.178011448,1.677847
2024-11-11,3.170418514,-0.7592933356
2024-11-12,3.195555423,2.513690865
2024-11-13,3.161364557,-3.419086599
2024-11-14,3.151662076,-0.9702480544
2024-11-15,3.127541635,-2.412044121
2024-11-18,3.112962501,-1.457913466
2024-11-19,3.075814504,-3.714799705
2024-11-20,3.066052136,-0.9762367065
2024-11-21,3.065852271,-0.01998656119
2024-11-22,3.092890723,2.703845201
2024-11-25,3.117764225,2.487350247
2024-11-26,3.118081344,0.03171185777
2024-11-27,3.122458651,0.4377307161
2024-11-29,3.105200703,-1.725794835
2024-12-02,3.0350815,-7.011920249
2024-12-03,3.017318008,-1.776349244
2024-12-04,3.020766363,0.3448354967
2024-12-05,3.008535118,-1.223124451
2024-12-06,2.975876918,-3.26581998
2024-12-09,2.967029294,-0.8847624089
2024-12-10,2.977422559,1.039326416
2024-12-11,2.971193446,-0.6229112788
2024-12-12,2.935654059,-3.553938712
2024-12-13,2.950353242,1.469918367
2024-12-16,2.933511042,-1.684220026
2024-12-17,2.938592846,0.5081803718
2024-12-18,2.942058735,0.3465888788
2024-12-19,2.961082803,1.902406828
2024-12-20,2.971341796,1.02589935
2024-12-23,2.990700393,1.935859666
2024-12-24,2.988341184,-0.2359209378
2024-12-26,2.960208569,-2.813261445
2024-12-27,2.937355772,-2.285279698
2024-12-30,2.954399668,1.704389634
2024-12-31,2.96774537,1.334570117
2025-01-02,2.967463923,-0.02814462496
2025-01-03,2.985727117,1.826319354
2025-01-06,2.975430798,-1.029631926
2025-01-07,2.95133175,-2.409904757
2025-01-08,2.958640254,0.730850367
2025-01-10,3.016210177,5.756992361
2025-01-13,3.061862136,4.565195875
2025-01-14,3.060956524,-0.09056125715
2025-01-15,3.030416174,-3.054034934
2025-01-16,3.030968864,0.05526897005
2025-01-17,3.02081401,-1.015485375
2025-01-21,3.025019049,0.4205038569
2025-01-22,3.008412316,-1.660673289
2025-01-23,2.977402782,-3.100953434
2025-01-24,2.962858094,-1.454468712
2025-01-27,2.962701477,-0.01566170231
2025-01-28,2.928832436,-3.386904096
2025-01-29,2.919270653,-0.9561782949
2025-01-30,2.955296327,3.602567351
2025-01-31,2.972149256,1.685292925
2025-02-03,2.993581322,2.143206538
2025-02-04,3.030190591,3.660926913
2025-02-05,3.042100101,1.19095101
2025-02-06,3.015159639,-2.694046233
2025-02-07,3.025145484,0.998584528
2025-02-10,3.068310293,4.316480942
2025-02-11,3.083473935,1.516364167
2025-02-12,3.116071172,3.259723747
2025-02-13,3.121433414,0.5362241654
2025-02-14,3.131318245,0.9884831191
2025-02-18,3.139141329,0.7823083901
2025-02-19,3.133224018,-0.5917310945
2025-02-20,3.17327229,4.004827211
2025-02-21,3.16365228,-0.9620009882
2025-02-24,3.136982764,-2.666951651
2025-02-25,3.107895752,-2.908701154
2025-02-26,3.095910874,-1.198487788
2025-02-27,3.076338245,-1.957262954
2025-02-28,3.039491187,-3.684705784
2025-03-03,3.01152529,-2.796589741
2025-03-04,3.00754859,-0.3976699767
2025-03-05,3.021576076,1.402748632
2025-03-06,3.05207709,3.050101389
2025-03-07,3.043721326,-0.8355764265
2025-03-10,3.008355208,-3.536611749
2025-03-11,3.004344466,-0.4010741913
2025-03-12,2.970075446,-3.426902033
2025-03-13,2.972787872,0.2712426241
2025-03-14,2.982936842,1.014896949
2025-03-17,2.975454058,-0.748278353
2025-03-18,2.990820813,1.536675485
2025-03-19,3.030139927,3.931911339
2025-03-20,3.03540995,0.5270023693
2025-03-21,2.999026452,-3.638349777
2025-03-24,2.983889324,-1.513712817
2025-03-25,2.941779785,-4.210953938
2025-03-26,2.95989064,1.811085513
2025-03-27,2.967045168,0.7154527573
2025-03-28,2.989765005,2.271983769
2025-03-31,3.00987328,2.010827477
2025-04-01,3.015324793,0.545151307
2025-04-02,3.030448817,1.512402393
2025-04-03,3.049621749,1.917293231
2025-04-04,3.00289473,-4.672701916
2025-04-07,2.948807257,-5.408747318
2025-04-08,2.938605221,-1.02020357
2025-04-09,2.963511089,2.490586765
2025-04-10,2.931619145,-3.189194404
2025-04-11,2.922197109,-0.9422035636
2025-04-14,2.959447225,3.725011593
2025-04-15,2.975591304,1.614407858
2025-04-16,3.00750245,3.191114587
2025-04-17,3.031059078,2.355662842
2025-04-21,3.036540127,0.5481048461
2025-04-22,3.051802946,1.526281922
2025-04-23,3.076289889,2.448694314
2025-04-24,3.129934635,5.364474567
2025-04-25,3.120265735,-0.9668899281
2025-04-28,3.103400035,-1.686570041
2025-04-29,3.095802312,-0.7597723217
2025-04-30,3.040711533,-5.509077917
2025-05-01,3.028761996,-1.194953619
2025-05-02,3.058271583,2.95095871
2025-05-05,3.109187137,5.091555315
2025-05-06,3.100647346,-0.853979021
2025-05-07,3.092129638,-0.8517708312
2025-05-08,3.120265649,2.813601086
2025-05-09,3.144851741,2.458609228
2025-05-12,3.106850069,-3.800167218
2025-05-13,3.057490437,-4.935963238
2025-05-14,3.044739682,-1.275075513
2025-05-15,3.066923338,2.218365625
2025-05-16,3.024440377,-4.248296127
2025-05-19,2.987081661,-3.735871523
2025-05-20,2.927352629,-5.972903236
2025-05-21,2.94544237,1.80897407
2025-05-22,2.949204496,0.3762126273
2025-05-23,2.968272863,1.906836688
2025-05-27,2.979989175,1.171631174
2025-05-28,2.934520746,-4.546842875
2025-05-29,2.930376362,-0.414438423
2025-05-30,2.937024439,0.6648077214
2025-06-02,2.964394596,2.737015712
2025-06-03,2.947382752,-1.701184404
2025-06-04,2.984571187,3.718843522
2025-06-05,3.032359386,4.778819928
2025-06-06,3.045113459,1.275407229
2025-06-09,3.042207312,-0.2906146295
2025-06-10,3.040373263,-0.1834048876
2025-06-11,3.07401579,3.36425269
2025-06-12,3.090363691,1.634790036
2025-06-13,3.128309428,3.794573683
2025-06-16,3.127845415,-0.04640127113
2025-06-17,3.132219817,0.437440244
2025-06-18,3.107963288,-2.425652917
2025-06-20,3.131565734,2.360244589
2025-06-23,3.149843679,1.827794475
2025-06-24,3.182433858,3.259017923
2025-06-25,3.184354611,0.1920752882
2025-06-26,3.219019876,3.466526563
2025-06-27,3.241271846,2.225196963
2025-06-30,3.24256545,0.1293604069
2025-07-01,3.264624504,2.205905382
2025-07-02,3.279171894,1.454739
2025-07-03,3.297234113,1.806221906
2025-07-07,3.255263902,-4.197021103
2025-07-08,3.249539613,-0.5724289083
2025-07-09,3.248871292,-0.06683212135
2025-07-10,3.266199089,1.732779698
2025-07-11,3.31035582,4.41567313
2025-07-14,3.283828641,-2.652717932
2025-07-15,3.222366036,-6.146260486
2025-07-16,3.187988933,-3.437710295
2025-07-17,3.150480604,-3.750832894
2025-07-18,3.109012613,-4.146799134
2025-07-21,3.114016743,0.5004130214
2025-07-22,3.1295155,1.549875684
2025-07-23,3.171140528,4.162502882
2025-07-24,3.162591189,-0.8549339291
2025-07-25,3.149099606,-1.349158318
2025-07-28,3.114318602,-3.478100409
2025-07-29,3.09971375,-1.460485212
2025-07-30,3.085713963,-1.399978666
2025-07-31,3.109485405,2.377144182
2025-08-01,3.129073199,1.958779392
2025-08-04,3.121800241,-0.7272958336
2025-08-05,3.120977094,-0.08231470157
2025-08-06,3.126713744,0.573665014
2025-08-07,3.126561071,-0.0152672421
2025-08-08,3.108248705,-1.831236669
2025-08-11,3.147691856,3.944315143
2025-08-12,3.151399322,0.3707465902
2025-08-13,3.117766404,-3.363291803
2025-08-14,3.099667905,-1.809849874
2025-08-15,3.125523942,2.585603725
2025-08-18,3.144855975,1.933203264
2025-08-19,3.092746736,-5.210923921
2025-08-20,3.060791443,-3.195529324
2025-08-21,3.057105337,-0.368610546
2025-08-22,3.015310565,-4.179477253
2025-08-25,3.022995508,0.7684943234
2025-08-26,3.01384972,-0.9145788222
2025-08-27,3.049717884,3.586816459
2025-08-28,3.075856236,2.613835192
2025-08-29,3.082701768,0.6845531557
2025-09-02,3.05842986,-2.427190773
2025-09-03,3.086018406,2.758854578
2025-09-04,3.105356292,1.933788612
2025-09-05,3.127393236,2.203694465
2025-09-08,3.108107429,-1.928580748
2025-09-09,3.088019745,-2.00876836
2025-09-10,3.080078931,-0.7940814552
2025-09-11,3.037604172,-4.247475916
2025-09-12,2.997484658,-4.011951403
2025-09-15,2.970707467,-2.677719018
2025-09-16,2.965409031,-0.52984363
2025-09-17,2.990586232,2.51772012
2025-09-18,2.989581126,-0.100510592
2025-09-19,2.962512843,-2.706828294
2025-09-22,2.93142441,-3.108843343
2025-09-23,2.946573478,1.514906806
2025-09-24,2.966406561,1.983308331
2025-09-25,2.997144626,3.073806494
2025-09-26,2.992036963,-0.5107663395
2025-09-29,3.050187494,5.815053151
2025-09-30,3.089425378,3.923788322
2025-10-01,3.109662868,2.023748998
2025-10-02,3.125922655,1.625978722
2025-10-03,3.13631392,1.039126558
2025-10-06,3.105095352,-3.121856817
2025-10-07,3.10712059,0.202523785
2025-10-08,3.099346659,-0.7773931264
2025-10-09,3.050285676,-4.906098285
2025-10-10,3.006326781,-4.395889478
2025-10-13,3.003036061,-0.3290720697
2025-10-14,3.037400912,3.436485117
2025-10-15,3.03034029,-0.706062167
2025-10-16,3.025602234,-0.4738056005
2025-10-17,3.045294006,1.969177193
2025-10-20,2.995574903,-4.971910318
2025-10-21,2.986853263,-0.8721639311
2025-10-22,2.965129797,-2.172346635
2025-10-23,2.994851301,2.972150398
2025-10-24,2.991643752,-0.3207549593
2025-10-27,2.976640957,-1.500279495
2025-10-28,2.954865811,-2.177514529
2025-10-29,2.949156441,-0.5709369967
2025-10-30,2.964835643,1.567920211
2025-10-31,3.006320641,4.148499737
2025-11-03,3.009820561,0.3499920394
2025-11-04,2.965734411,-4.408615047
2025-11-05,2.94558342,-2.015099046
2025-11-06,2.952243383,0.6659962538
2025-11-07,2.935040752,-1.720263096
2025-11-10,2.924832485,-1.020826656
2025-11-11,2.930772125,0.5939639571
2025-11-12,2.945112586,1.434046104
2025-11-13,2.904691777,-4.042080857
2025-11-14,2.89761006,-0.7081717465
2025-11-17,2.939216143,4.160608314
2025-11-18,2.951802581,1.25864384
2025-11-19,2.935965817,-1.583676454
2025-11-20,2.919129491,-1.683632628
2025-11-21,2.858755301,-6.037418967
2025-11-24,2.841658211,-1.709709039
2025-11-25,2.860261694,1.860348335
2025-11-26,2.844536953,-1.572474055
2025-11-28,2.857174055,1.263710192
2025-12-01,2.844353852,-1.282020313
2025-12-02,2.836024574,-0.8329277802
2025-12-03,2.85770797,2.168339571
2025-12-04,2.852412141,-0.5295828583
2025-12-05,2.868493402,1.608126079
2025-12-08,2.876373996,0.7880593787
2025-12-09,2.860834718,-1.553927821
2025-12-10,2.86962174,0.8787022576
2025-12-11,2.857006864,-1.261487679
2025-12-12,2.832216828,-2.479003551
2025-12-15,2.800273917,-3.194291139
2025-12-16,2.790412471,-0.9861445628
2025-12-17,2.822236995,3.182452423
2025-12-18,2.83211894,0.9881944432
2025-12-19,2.817240907,-1.487803287
2025-12-22,2.797963595,-1.92773115
2025-12-23,2.802903761,0.4940165157
2025-12-24,2.805669786,0.2766025346
2025-12-26,2.777621124,-2.804866206
2025-12-29,2.762059372,-1.556175173
2025-12-30,2.74477583,-1.728354182
2025-12-31,2.772756023,2.798019281
2026-01-02,2.759282554,-1.347346892
2026-01-05,2.80680296,4.752040562
2026-01-06,2.810271115,0.3468155196
2026-01-07,2.797632947,-1.263816837
2026-01-08,2.816131004,1.84980577
2026-01-09,2.823604568,0.7473563614
2026-01-12,2.857590931,3.398636301
2026-01-13,2.854750857,-0.2840074166
2026-01-14,2.850547375,-0.4203481372
2026-01-15,2.832410543,-1.813683213
2026-01-16,2.848656827,1.624628387
2026-01-20,2.806406737,-4.225008987
2026-01-21,2.803851737,-0.2555000576
2026-01-22,2.811914882,0.8063144877
2026-01-23,2.838810449,2.68955675
2026-01-26,2.83471361,-0.4096839482
2026-01-27,2.855922758,2.120914839
2026-01-28,2.873447393,1.75246346
2026-01-29,2.962475554,8.902816149
2026-01-30,2.98868241,2.620685561
2026-02-02,3.000247348,1.156493794
2026-02-03,3.009850134,0.9602786276
2026-02-04,3.022330207,1.248007316
2026-02-05,3.05000736,2.767715289
2026-02-06,3.094580487,4.457312747
2026-02-09,3.077770726,-1.680976167
2026-02-10,2.993084763,-8.468596265
2026-02-11,2.944680345,-4.840441826
2026-02-12,2.925994064,-1.868628037
2026-02-13,2.890197383,-3.579668161
2026-02-17,2.890007468,-0.01899151751
2026-02-18,2.866984542,-2.30229254
2026-02-19,2.864232296,-0.2752246432
2026-02-20,2.86941321,0.5180914592
2026-02-23,2.882347749,1.293453896
2026-02-24,2.87383102,-0.8516729736
2026-02-25,2.888271862,1.444084195
2026-02-26,2.937269816,4.899795426
2026-02-27,2.930285505,-0.6984310767
2026-03-02,2.922760051,-0.7525453855
2026-03-03,2.88247957,-4.02804808
2026-03-04,2.869259882,-1.321968801
2026-03-05,2.898181649,2.892176682
2026-03-06,2.923709193,2.552754375
2026-03-09,2.986032897,6.232370423
2026-03-10,2.961476374,-2.455652367
2026-03-11,2.976693035,1.521666196
2026-03-12,2.957490794,-1.920224123
2026-03-13,2.986889563,2.939876877
2026-03-16,2.953418348,-3.347121492
2026-03-17,2.95492685,0.1508501668
